{
    "course_id": 1,
    "title": "Сети и системы передачи данных",
        "questions": [
            {
                "id": 0,
                "question": "Узлами сети могут являться:",
                "answers": ["коммутаторы", "концентраторы", "портативные устройства", "все подходят"],
                "rightAnswer": 4
            },
            {
                "id": 1,
                "question": "localhost находится на:",
                "answers": ["127.0.0.1", "127.0.1.1", "127.1.1.1"],
                "rightAnswer": 0
            },
            {
                "id": 2,
                "question": "Максимальное число порта 65535:",
                "answers": ["Верно", "Неверно"],
                "rightAnswer": 0
            },
            {
                "id": 3,
                "question": "В отличие от TSP, UDP позволяет посылать сообщения другим хостам, без необходимости постановки соединения",
                "answers": ["Верно", "Неверно"],
                "rightAnswer": 4
            }
        ]
}