{
    "course_id": 0,
    "title": "Алгоритмы поисковых роботов",
    "questions": [
        {
            "id": 0,
            "question": "Ключевыми инструментами адаптивного режима для незрячих являются:",
            "answers": ["контрастная версия веб-сайта", "резиновая верстка", "темный режим"],
            "rightAnswer": 0
        },
        {
            "id": 1,
            "question": "Темная тема позволяет:",
            "answers": ["сэкономить заряд батареи", "выделить все DIV на странице)"],
            "rightAnswer": 0
        },
        {
            "id": 2,
            "question": "Можно ли верстать все тегами div, если выхотите сделать максимально SEO оптимизированный сайт?",
            "answers": ["Верно", "Неверно"],
            "rightAnswer": 1
        },
        {
            "id": 3,
            "question": "Каких тегов не существует в HTML5",
            "answers": ["article", "adress", "nav", "about"],
            "rightAnswer": 4
        }
    ]
}
